use training;

-- employee_training サンプルデータ
INSERT INTO employee_training (employee_id, employee_name, phonetic, gender, birthday, entering_date, fresher_flag, division_cd) VALUES (1,'齋藤 良治','さいとう よしはる',1,'1992/6/17','2012/6/17',1,'SALES');
INSERT INTO employee_training (employee_id, employee_name, phonetic, gender, birthday, entering_date, fresher_flag, division_cd) VALUES (2,'末吉 秀子','すえよし ひでこ',2,'1970/8/8','1990/8/8',1,'ACCOUNTING');
INSERT INTO employee_training (employee_id, employee_name, phonetic, gender, birthday, entering_date, fresher_flag, division_cd) VALUES (3,'下山 健夫','しもやま たけお',1,'1990/10/7','2010/10/7',1,'DEVELOPMENT');
INSERT INTO employee_training (employee_id, employee_name, phonetic, gender, birthday, entering_date, fresher_flag, division_cd) VALUES (4,'川本 智恵','かわもと ともえ',2,'1988/8/1','2010/8/1',0,'SALES');
INSERT INTO employee_training (employee_id, employee_name, phonetic, gender, birthday, entering_date, fresher_flag, division_cd) VALUES (5,'黒沢 美咲','くろさわ みさき',2,'1973/11/30','1995/11/30',1,'HUMAN_RESOURCES');
INSERT INTO employee_training (employee_id, employee_name, phonetic, gender, birthday, entering_date, fresher_flag, division_cd) VALUES (6,'大坪 彦太郎','おおつぼ ひこたろう',1,'1977/4/28','1999/4/28',0,'SALES');
INSERT INTO employee_training (employee_id, employee_name, phonetic, gender, birthday, entering_date, fresher_flag, division_cd) VALUES (7,'三田 七美','みた ななみ',2,'1974/4/26','1996/4/26',1,'DEVELOPMENT');
INSERT INTO employee_training (employee_id, employee_name, phonetic, gender, birthday, entering_date, fresher_flag, division_cd) VALUES (8,'依田 通夫','よりた みちお',1,'1977/2/17','1999/2/17',0,'HUMAN_RESOURCES');
INSERT INTO employee_training (employee_id, employee_name, phonetic, gender, birthday, entering_date, fresher_flag, division_cd) VALUES (9,'磯部 実桜','いそべ さくら',2,'1971/3/1','1993/3/1',0,'SALES');
INSERT INTO employee_training (employee_id, employee_name, phonetic, gender, birthday, entering_date, fresher_flag, division_cd) VALUES (10,'江川 麻由','えがわ まゆ',2,'1972/9/19','1994/9/19',1,'HUMAN_RESOURCES');
INSERT INTO employee_training (employee_id, employee_name, phonetic, gender, birthday, entering_date, fresher_flag, division_cd) VALUES (11,'砂川 義美','すながわ よしみ',2,'1996/11/15','2016/11/15',0,'SALES');
INSERT INTO employee_training (employee_id, employee_name, phonetic, gender, birthday, entering_date, fresher_flag, division_cd) VALUES (12,'首藤 幹夫','しゅとう みきお',1,'1996/11/15','2016/11/15',0,'HUMAN_RESOURCES');
INSERT INTO employee_training (employee_id, employee_name, phonetic, gender, birthday, entering_date, fresher_flag, division_cd) VALUES (13,'竹内 新一郎','たけうち しんいちろう',1,'1974/12/11','1994/12/11',0,'ACCOUNTING');
INSERT INTO employee_training (employee_id, employee_name, phonetic, gender, birthday, entering_date, fresher_flag, division_cd) VALUES (14,'宮沢 樹','みやざわ いつき',2,'1995/11/27','2015/11/27',0,'GENERAL_AFFAIRS');
INSERT INTO employee_training (employee_id, employee_name, phonetic, gender, birthday, entering_date, fresher_flag, division_cd) VALUES (15,'住田 和花','すみた かずは',2,'1983/3/31','2003/3/31',1,'GENERAL_AFFAIRS');
INSERT INTO employee_training (employee_id, employee_name, phonetic, gender, birthday, entering_date, fresher_flag, division_cd) VALUES (16,'杉田 武英','すぎた たけひで',1,'1994/2/24','2014/2/24',0,'DEVELOPMENT');
INSERT INTO employee_training (employee_id, employee_name, phonetic, gender, birthday, entering_date, fresher_flag, division_cd) VALUES (17,'黒沢 早紀','くろさわ さき',2,'1997/6/25','2016/6/25',0,'SALES');
INSERT INTO employee_training (employee_id, employee_name, phonetic, gender, birthday, entering_date, fresher_flag, division_cd) VALUES (18,'山野 俊光','やまの としみつ',1,'1979/4/8','1999/4/8',0,'ACCOUNTING');
INSERT INTO employee_training (employee_id, employee_name, phonetic, gender, birthday, entering_date, fresher_flag, division_cd) VALUES (19,'板橋 良彦','いたばし よしひこ',1,'1986/12/23','2006/12/23',0,'GENERAL_AFFAIRS');
INSERT INTO employee_training (employee_id, employee_name, phonetic, gender, birthday, entering_date, fresher_flag, division_cd) VALUES (20,'江原 千恵子','えはら ちえこ',2,'1991/3/2','2011/3/2',0,'DEVELOPMENT');

-- division_training サンプルデータ
INSERT INTO division_training (division_cd, division_name) VALUES ('SALES','営業部');
INSERT INTO division_training (division_cd, division_name) VALUES ('DEVELOPMENT','開発部');
INSERT INTO division_training (division_cd, division_name) VALUES ('ACCOUNTING','経理部');
INSERT INTO division_training (division_cd, division_name) VALUES ('HUMAN_RESOURCES','人事部');
INSERT INTO division_training (division_cd, division_name) VALUES ('GENERAL_AFFAIRS','総務部');

-- expense_training サンプルデータ
INSERT INTO expense_training (expense_id, employee_id, recorded_date, expense_amount, purpose) VALUES (1,5,'2019/4/21',10800,'印刷費');
INSERT INTO expense_training (expense_id, employee_id, recorded_date, expense_amount, purpose) VALUES (2,13,'2019/4/23',28200,'接待費');
INSERT INTO expense_training (expense_id, employee_id, recorded_date, expense_amount, purpose) VALUES (3,17,'2019/4/20',23700,'会議費');
INSERT INTO expense_training (expense_id, employee_id, recorded_date, expense_amount, purpose) VALUES (4,9,'2019/4/11',19600,'会議費');
INSERT INTO expense_training (expense_id, employee_id, recorded_date, expense_amount, purpose) VALUES (5,4,'2019/4/1',19900,'社内行事運営費');
INSERT INTO expense_training (expense_id, employee_id, recorded_date, expense_amount, purpose) VALUES (6,19,'2019/4/22',29400,'社内行事運営費');
INSERT INTO expense_training (expense_id, employee_id, recorded_date, expense_amount, purpose) VALUES (7,9,'2019/4/20',22900,'会議費');
INSERT INTO expense_training (expense_id, employee_id, recorded_date, expense_amount, purpose) VALUES (8,6,'2019/4/2',15200,'接待費');
INSERT INTO expense_training (expense_id, employee_id, recorded_date, expense_amount, purpose) VALUES (9,8,'2019/4/10',27800,'社内行事運営費');
INSERT INTO expense_training (expense_id, employee_id, recorded_date, expense_amount, purpose) VALUES (10,4,'2019/4/20',2800,null);
INSERT INTO expense_training (expense_id, employee_id, recorded_date, expense_amount, purpose) VALUES (11,1,'2019/4/5',20800,'交通費');
INSERT INTO expense_training (expense_id, employee_id, recorded_date, expense_amount, purpose) VALUES (12,3,'2019/4/14',25900,'会議費');
INSERT INTO expense_training (expense_id, employee_id, recorded_date, expense_amount, purpose) VALUES (13,18,'2019/4/2',27100,'備品購入費');
INSERT INTO expense_training (expense_id, employee_id, recorded_date, expense_amount, purpose) VALUES (14,14,'2019/4/4',25400,'通信費');
INSERT INTO expense_training (expense_id, employee_id, recorded_date, expense_amount, purpose) VALUES (15,3,'2019/4/11',21600,'社内行事運営費');
INSERT INTO expense_training (expense_id, employee_id, recorded_date, expense_amount, purpose) VALUES (16,3,'2019/4/8',4600,'会議費');
INSERT INTO expense_training (expense_id, employee_id, recorded_date, expense_amount, purpose) VALUES (17,7,'2019/4/11',25900,'備品購入費');
INSERT INTO expense_training (expense_id, employee_id, recorded_date, expense_amount, purpose) VALUES (18,8,'2019/4/8',4100,'会議費');
INSERT INTO expense_training (expense_id, employee_id, recorded_date, expense_amount, purpose) VALUES (19,18,'2019/4/4',10900,'通信費');
INSERT INTO expense_training (expense_id, employee_id, recorded_date, expense_amount, purpose) VALUES (20,4,'2019/4/3',17200,'社内行事運営費');
INSERT INTO expense_training (expense_id, employee_id, recorded_date, expense_amount, purpose) VALUES (21,7,'2019/4/20',27800,'通信費');
INSERT INTO expense_training (expense_id, employee_id, recorded_date, expense_amount, purpose) VALUES (22,3,'2019/4/12',17600,'社内行事運営費');
INSERT INTO expense_training (expense_id, employee_id, recorded_date, expense_amount, purpose) VALUES (23,19,'2019/4/7',8500,'会議費');
INSERT INTO expense_training (expense_id, employee_id, recorded_date, expense_amount, purpose) VALUES (24,15,'2019/4/28',25300,'社内行事運営費');
INSERT INTO expense_training (expense_id, employee_id, recorded_date, expense_amount, purpose) VALUES (25,11,'2019/4/2',21100,'印刷費');
INSERT INTO expense_training (expense_id, employee_id, recorded_date, expense_amount, purpose) VALUES (26,5,'2019/4/12',25000,'交通費');
INSERT INTO expense_training (expense_id, employee_id, recorded_date, expense_amount, purpose) VALUES (27,15,'2019/4/26',8000,'通信費');
INSERT INTO expense_training (expense_id, employee_id, recorded_date, expense_amount, purpose) VALUES (28,5,'2019/4/20',27300,'通信費');
INSERT INTO expense_training (expense_id, employee_id, recorded_date, expense_amount, purpose) VALUES (29,8,'2019/4/10',24900,'印刷費');
INSERT INTO expense_training (expense_id, employee_id, recorded_date, expense_amount, purpose) VALUES (30,18,'2019/4/25',1100,'印刷費');
INSERT INTO expense_training (expense_id, employee_id, recorded_date, expense_amount, purpose) VALUES (31,11,'2019/4/13',29900,'接待費');
INSERT INTO expense_training (expense_id, employee_id, recorded_date, expense_amount, purpose) VALUES (32,13,'2019/4/21',20500,'通信費');
INSERT INTO expense_training (expense_id, employee_id, recorded_date, expense_amount, purpose) VALUES (33,8,'2019/4/14',6500,'通信費');
INSERT INTO expense_training (expense_id, employee_id, recorded_date, expense_amount, purpose) VALUES (34,9,'2019/4/27',4600,'社内行事運営費');
INSERT INTO expense_training (expense_id, employee_id, recorded_date, expense_amount, purpose) VALUES (35,6,'2019/4/23',20100,'接待費');
INSERT INTO expense_training (expense_id, employee_id, recorded_date, expense_amount, purpose) VALUES (36,11,'2019/4/10',5000,'社内行事運営費');
INSERT INTO expense_training (expense_id, employee_id, recorded_date, expense_amount, purpose) VALUES (37,3,'2019/4/12',28200,'交通費');
INSERT INTO expense_training (expense_id, employee_id, recorded_date, expense_amount, purpose) VALUES (38,4,'2019/4/11',6900,null);
INSERT INTO expense_training (expense_id, employee_id, recorded_date, expense_amount, purpose) VALUES (39,2,'2019/4/4',3800,'通信費');
INSERT INTO expense_training (expense_id, employee_id, recorded_date, expense_amount, purpose) VALUES (40,4,'2019/4/7',12300,'会議費');
INSERT INTO expense_training (expense_id, employee_id, recorded_date, expense_amount, purpose) VALUES (41,13,'2019/4/9',28700,'通信費');
INSERT INTO expense_training (expense_id, employee_id, recorded_date, expense_amount, purpose) VALUES (42,19,'2019/4/8',8000,'交通費');
INSERT INTO expense_training (expense_id, employee_id, recorded_date, expense_amount, purpose) VALUES (43,8,'2019/4/5',22100,'印刷費');
INSERT INTO expense_training (expense_id, employee_id, recorded_date, expense_amount, purpose) VALUES (44,6,'2019/4/12',19100,'会議費');
INSERT INTO expense_training (expense_id, employee_id, recorded_date, expense_amount, purpose) VALUES (45,8,'2019/4/17',10300,'備品購入費');
INSERT INTO expense_training (expense_id, employee_id, recorded_date, expense_amount, purpose) VALUES (46,11,'2019/4/25',29600,'通信費');
INSERT INTO expense_training (expense_id, employee_id, recorded_date, expense_amount, purpose) VALUES (47,18,'2019/4/6',7900,'備品購入費');
INSERT INTO expense_training (expense_id, employee_id, recorded_date, expense_amount, purpose) VALUES (48,10,'2019/4/9',7600,'通信費');
INSERT INTO expense_training (expense_id, employee_id, recorded_date, expense_amount, purpose) VALUES (49,5,'2019/4/29',18800,'社内行事運営費');
INSERT INTO expense_training (expense_id, employee_id, recorded_date, expense_amount, purpose) VALUES (50,16,'2019/4/17',29800,'交通費');
INSERT INTO expense_training (expense_id, employee_id, recorded_date, expense_amount, purpose) VALUES (51,7,'2019/4/5',15700,'通信費');
INSERT INTO expense_training (expense_id, employee_id, recorded_date, expense_amount, purpose) VALUES (52,2,'2019/4/22',23500,'交通費');
INSERT INTO expense_training (expense_id, employee_id, recorded_date, expense_amount, purpose) VALUES (53,2,'2019/4/27',15800,'交通費');
INSERT INTO expense_training (expense_id, employee_id, recorded_date, expense_amount, purpose) VALUES (54,5,'2019/4/29',17500,'接待費');
INSERT INTO expense_training (expense_id, employee_id, recorded_date, expense_amount, purpose) VALUES (55,8,'2019/4/15',13400,'交通費');
INSERT INTO expense_training (expense_id, employee_id, recorded_date, expense_amount, purpose) VALUES (56,3,'2019/4/14',18900,'交通費');
INSERT INTO expense_training (expense_id, employee_id, recorded_date, expense_amount, purpose) VALUES (57,7,'2019/4/22',7700,'備品購入費');
INSERT INTO expense_training (expense_id, employee_id, recorded_date, expense_amount, purpose) VALUES (58,2,'2019/4/4',17000,'社内行事運営費');
INSERT INTO expense_training (expense_id, employee_id, recorded_date, expense_amount, purpose) VALUES (59,14,'2019/4/18',11500,null);
INSERT INTO expense_training (expense_id, employee_id, recorded_date, expense_amount, purpose) VALUES (60,13,'2019/4/15',20000,'接待費');
INSERT INTO expense_training (expense_id, employee_id, recorded_date, expense_amount, purpose) VALUES (61,6,'2019/4/21',9300,'通信費');
INSERT INTO expense_training (expense_id, employee_id, recorded_date, expense_amount, purpose) VALUES (62,14,'2019/4/24',4300,'会議費');
INSERT INTO expense_training (expense_id, employee_id, recorded_date, expense_amount, purpose) VALUES (63,5,'2019/4/7',5300,'備品購入費');
INSERT INTO expense_training (expense_id, employee_id, recorded_date, expense_amount, purpose) VALUES (64,17,'2019/4/11',5000,'備品購入費');
INSERT INTO expense_training (expense_id, employee_id, recorded_date, expense_amount, purpose) VALUES (65,16,'2019/4/7',14200,'印刷費');
INSERT INTO expense_training (expense_id, employee_id, recorded_date, expense_amount, purpose) VALUES (66,7,'2019/4/10',20600,'備品購入費');
INSERT INTO expense_training (expense_id, employee_id, recorded_date, expense_amount, purpose) VALUES (67,3,'2019/4/6',18200,'接待費');
INSERT INTO expense_training (expense_id, employee_id, recorded_date, expense_amount, purpose) VALUES (68,4,'2019/4/2',5800,'交通費');
INSERT INTO expense_training (expense_id, employee_id, recorded_date, expense_amount, purpose) VALUES (69,11,'2019/4/4',20700,'社内行事運営費');
INSERT INTO expense_training (expense_id, employee_id, recorded_date, expense_amount, purpose) VALUES (70,10,'2019/4/12',28500,'通信費');
INSERT INTO expense_training (expense_id, employee_id, recorded_date, expense_amount, purpose) VALUES (71,1,'2019/4/2',4200,'交通費');
INSERT INTO expense_training (expense_id, employee_id, recorded_date, expense_amount, purpose) VALUES (72,4,'2019/4/1',12600,null);
INSERT INTO expense_training (expense_id, employee_id, recorded_date, expense_amount, purpose) VALUES (73,18,'2019/4/20',10800,'備品購入費');
INSERT INTO expense_training (expense_id, employee_id, recorded_date, expense_amount, purpose) VALUES (74,4,'2019/4/10',28600,'通信費');
INSERT INTO expense_training (expense_id, employee_id, recorded_date, expense_amount, purpose) VALUES (75,10,'2019/4/11',19100,'接待費');
INSERT INTO expense_training (expense_id, employee_id, recorded_date, expense_amount, purpose) VALUES (76,14,'2019/4/4',17000,'印刷費');
INSERT INTO expense_training (expense_id, employee_id, recorded_date, expense_amount, purpose) VALUES (77,1,'2019/4/18',7400,'会議費');
INSERT INTO expense_training (expense_id, employee_id, recorded_date, expense_amount, purpose) VALUES (78,5,'2019/4/8',29100,'社内行事運営費');
INSERT INTO expense_training (expense_id, employee_id, recorded_date, expense_amount, purpose) VALUES (79,1,'2019/4/21',1500,'印刷費');
INSERT INTO expense_training (expense_id, employee_id, recorded_date, expense_amount, purpose) VALUES (80,7,'2019/4/18',19700,'印刷費');
INSERT INTO expense_training (expense_id, employee_id, recorded_date, expense_amount, purpose) VALUES (81,3,'2019/4/13',9700,'交通費');
INSERT INTO expense_training (expense_id, employee_id, recorded_date, expense_amount, purpose) VALUES (82,17,'2019/4/17',26900,'接待費');
INSERT INTO expense_training (expense_id, employee_id, recorded_date, expense_amount, purpose) VALUES (83,17,'2019/4/28',20800,'交通費');
INSERT INTO expense_training (expense_id, employee_id, recorded_date, expense_amount, purpose) VALUES (84,19,'2019/4/29',20000,'会議費');
INSERT INTO expense_training (expense_id, employee_id, recorded_date, expense_amount, purpose) VALUES (85,11,'2019/4/1',17100,'社内行事運営費');
INSERT INTO expense_training (expense_id, employee_id, recorded_date, expense_amount, purpose) VALUES (86,16,'2019/4/12',22600,'接待費');
INSERT INTO expense_training (expense_id, employee_id, recorded_date, expense_amount, purpose) VALUES (87,8,'2019/4/16',2000,'接待費');
INSERT INTO expense_training (expense_id, employee_id, recorded_date, expense_amount, purpose) VALUES (88,14,'2019/4/2',4700,'備品購入費');
INSERT INTO expense_training (expense_id, employee_id, recorded_date, expense_amount, purpose) VALUES (89,5,'2019/4/3',25200,'交通費');
INSERT INTO expense_training (expense_id, employee_id, recorded_date, expense_amount, purpose) VALUES (90,5,'2019/4/6',3100,'備品購入費');
INSERT INTO expense_training (expense_id, employee_id, recorded_date, expense_amount, purpose) VALUES (91,15,'2019/4/7',400,'交通費');
INSERT INTO expense_training (expense_id, employee_id, recorded_date, expense_amount, purpose) VALUES (92,8,'2019/4/10',4900,'通信費');
INSERT INTO expense_training (expense_id, employee_id, recorded_date, expense_amount, purpose) VALUES (93,17,'2019/4/23',400,'接待費');
INSERT INTO expense_training (expense_id, employee_id, recorded_date, expense_amount, purpose) VALUES (94,9,'2019/4/21',13600,'接待費');
INSERT INTO expense_training (expense_id, employee_id, recorded_date, expense_amount, purpose) VALUES (95,5,'2019/4/22',19300,'社内行事運営費');
INSERT INTO expense_training (expense_id, employee_id, recorded_date, expense_amount, purpose) VALUES (96,2,'2019/4/15',5600,'会議費');
INSERT INTO expense_training (expense_id, employee_id, recorded_date, expense_amount, purpose) VALUES (97,18,'2019/4/8',26500,'会議費');
INSERT INTO expense_training (expense_id, employee_id, recorded_date, expense_amount, purpose) VALUES (98,7,'2019/4/9',11000,'社内行事運営費');
INSERT INTO expense_training (expense_id, employee_id, recorded_date, expense_amount, purpose) VALUES (99,10,'2019/4/7',10400,'会議費');
INSERT INTO expense_training (expense_id, employee_id, recorded_date, expense_amount, purpose) VALUES (100,3,'2019/4/8',6200,'交通費');
INSERT INTO expense_training (expense_id, employee_id, recorded_date, expense_amount, purpose) VALUES (101,8,'2019/4/2',28300,'印刷費');
INSERT INTO expense_training (expense_id, employee_id, recorded_date, expense_amount, purpose) VALUES (102,4,'2019/4/2',16000,'会議費');
INSERT INTO expense_training (expense_id, employee_id, recorded_date, expense_amount, purpose) VALUES (103,2,'2019/4/10',23500,'通信費');
INSERT INTO expense_training (expense_id, employee_id, recorded_date, expense_amount, purpose) VALUES (104,17,'2019/4/22',23900,'接待費');
INSERT INTO expense_training (expense_id, employee_id, recorded_date, expense_amount, purpose) VALUES (105,8,'2019/4/6',15300,'印刷費');
INSERT INTO expense_training (expense_id, employee_id, recorded_date, expense_amount, purpose) VALUES (106,12,'2019/4/20',1300,'備品購入費');
INSERT INTO expense_training (expense_id, employee_id, recorded_date, expense_amount, purpose) VALUES (107,16,'2019/4/8',19500,'交通費');
INSERT INTO expense_training (expense_id, employee_id, recorded_date, expense_amount, purpose) VALUES (108,7,'2019/4/21',4700,'会議費');
INSERT INTO expense_training (expense_id, employee_id, recorded_date, expense_amount, purpose) VALUES (109,16,'2019/4/10',16900,'社内行事運営費');
INSERT INTO expense_training (expense_id, employee_id, recorded_date, expense_amount, purpose) VALUES (110,16,'2019/4/27',17200,'印刷費');
INSERT INTO expense_training (expense_id, employee_id, recorded_date, expense_amount, purpose) VALUES (111,7,'2019/4/2',9200,'印刷費');
INSERT INTO expense_training (expense_id, employee_id, recorded_date, expense_amount, purpose) VALUES (112,8,'2019/4/2',15700,'備品購入費');
INSERT INTO expense_training (expense_id, employee_id, recorded_date, expense_amount, purpose) VALUES (113,12,'2019/4/20',13100,'社内行事運営費');
INSERT INTO expense_training (expense_id, employee_id, recorded_date, expense_amount, purpose) VALUES (114,1,'2019/4/17',29600,'備品購入費');
INSERT INTO expense_training (expense_id, employee_id, recorded_date, expense_amount, purpose) VALUES (115,15,'2019/4/26',8600,'会議費');
INSERT INTO expense_training (expense_id, employee_id, recorded_date, expense_amount, purpose) VALUES (116,2,'2019/4/15',15300,'備品購入費');
INSERT INTO expense_training (expense_id, employee_id, recorded_date, expense_amount, purpose) VALUES (117,4,'2019/4/9',1800,'交通費');
INSERT INTO expense_training (expense_id, employee_id, recorded_date, expense_amount, purpose) VALUES (118,3,'2019/4/14',7900,'通信費');
INSERT INTO expense_training (expense_id, employee_id, recorded_date, expense_amount, purpose) VALUES (119,11,'2019/4/29',17200,'会議費');
INSERT INTO expense_training (expense_id, employee_id, recorded_date, expense_amount, purpose) VALUES (120,18,'2019/4/20',19800,null);
INSERT INTO expense_training (expense_id, employee_id, recorded_date, expense_amount, purpose) VALUES (121,8,'2019/4/9',13400,'会議費');
INSERT INTO expense_training (expense_id, employee_id, recorded_date, expense_amount, purpose) VALUES (122,1,'2019/4/22',3100,'社内行事運営費');
INSERT INTO expense_training (expense_id, employee_id, recorded_date, expense_amount, purpose) VALUES (123,9,'2019/4/2',10500,'備品購入費');
INSERT INTO expense_training (expense_id, employee_id, recorded_date, expense_amount, purpose) VALUES (124,13,'2019/4/22',3200,'会議費');
INSERT INTO expense_training (expense_id, employee_id, recorded_date, expense_amount, purpose) VALUES (125,3,'2019/4/13',200,'社内行事運営費');
INSERT INTO expense_training (expense_id, employee_id, recorded_date, expense_amount, purpose) VALUES (126,4,'2019/4/23',2000,'印刷費');
INSERT INTO expense_training (expense_id, employee_id, recorded_date, expense_amount, purpose) VALUES (127,3,'2019/4/1',25800,'接待費');
INSERT INTO expense_training (expense_id, employee_id, recorded_date, expense_amount, purpose) VALUES (128,2,'2019/4/26',12400,'交通費');
INSERT INTO expense_training (expense_id, employee_id, recorded_date, expense_amount, purpose) VALUES (129,15,'2019/4/16',17100,'社内行事運営費');
INSERT INTO expense_training (expense_id, employee_id, recorded_date, expense_amount, purpose) VALUES (130,13,'2019/4/11',2200,'会議費');
INSERT INTO expense_training (expense_id, employee_id, recorded_date, expense_amount, purpose) VALUES (131,1,'2019/4/9',20300,'印刷費');
INSERT INTO expense_training (expense_id, employee_id, recorded_date, expense_amount, purpose) VALUES (132,2,'2019/4/24',24500,'備品購入費');
INSERT INTO expense_training (expense_id, employee_id, recorded_date, expense_amount, purpose) VALUES (133,10,'2019/4/12',15400,'備品購入費');
INSERT INTO expense_training (expense_id, employee_id, recorded_date, expense_amount, purpose) VALUES (134,6,'2019/4/10',7900,'接待費');
INSERT INTO expense_training (expense_id, employee_id, recorded_date, expense_amount, purpose) VALUES (135,14,'2019/4/13',3600,'接待費');
INSERT INTO expense_training (expense_id, employee_id, recorded_date, expense_amount, purpose) VALUES (136,7,'2019/4/26',11100,'会議費');
INSERT INTO expense_training (expense_id, employee_id, recorded_date, expense_amount, purpose) VALUES (137,17,'2019/4/5',21200,'備品購入費');
INSERT INTO expense_training (expense_id, employee_id, recorded_date, expense_amount, purpose) VALUES (138,10,'2019/4/16',20300,'接待費');
INSERT INTO expense_training (expense_id, employee_id, recorded_date, expense_amount, purpose) VALUES (139,10,'2019/4/26',23800,'会議費');
INSERT INTO expense_training (expense_id, employee_id, recorded_date, expense_amount, purpose) VALUES (140,16,'2019/4/11',1000,'接待費');
INSERT INTO expense_training (expense_id, employee_id, recorded_date, expense_amount, purpose) VALUES (141,12,'2019/4/29',10900,'社内行事運営費');
INSERT INTO expense_training (expense_id, employee_id, recorded_date, expense_amount, purpose) VALUES (142,7,'2019/4/5',27800,'接待費');
INSERT INTO expense_training (expense_id, employee_id, recorded_date, expense_amount, purpose) VALUES (143,3,'2019/4/12',20500,'社内行事運営費');
INSERT INTO expense_training (expense_id, employee_id, recorded_date, expense_amount, purpose) VALUES (144,11,'2019/4/15',6500,'交通費');
INSERT INTO expense_training (expense_id, employee_id, recorded_date, expense_amount, purpose) VALUES (145,6,'2019/4/26',26600,'通信費');
INSERT INTO expense_training (expense_id, employee_id, recorded_date, expense_amount, purpose) VALUES (146,18,'2019/4/24',22600,'会議費');
INSERT INTO expense_training (expense_id, employee_id, recorded_date, expense_amount, purpose) VALUES (147,14,'2019/4/9',10600,'接待費');
INSERT INTO expense_training (expense_id, employee_id, recorded_date, expense_amount, purpose) VALUES (148,16,'2019/4/26',21900,'接待費');
INSERT INTO expense_training (expense_id, employee_id, recorded_date, expense_amount, purpose) VALUES (149,5,'2019/4/26',28900,'会議費');
INSERT INTO expense_training (expense_id, employee_id, recorded_date, expense_amount, purpose) VALUES (150,12,'2019/4/24',19600,'社内行事運営費');
INSERT INTO expense_training (expense_id, employee_id, recorded_date, expense_amount, purpose) VALUES (151,16,'2019/4/7',24000,'備品購入費');
INSERT INTO expense_training (expense_id, employee_id, recorded_date, expense_amount, purpose) VALUES (152,7,'2019/4/25',28600,'会議費');
INSERT INTO expense_training (expense_id, employee_id, recorded_date, expense_amount, purpose) VALUES (153,9,'2019/4/4',8100,'接待費');
INSERT INTO expense_training (expense_id, employee_id, recorded_date, expense_amount, purpose) VALUES (154,7,'2019/4/22',9500,'社内行事運営費');
INSERT INTO expense_training (expense_id, employee_id, recorded_date, expense_amount, purpose) VALUES (155,7,'2019/4/18',1900,'接待費');
INSERT INTO expense_training (expense_id, employee_id, recorded_date, expense_amount, purpose) VALUES (156,2,'2019/4/16',2900,'社内行事運営費');
INSERT INTO expense_training (expense_id, employee_id, recorded_date, expense_amount, purpose) VALUES (157,14,'2019/4/24',25800,'接待費');
INSERT INTO expense_training (expense_id, employee_id, recorded_date, expense_amount, purpose) VALUES (158,6,'2019/4/27',24600,'備品購入費');
INSERT INTO expense_training (expense_id, employee_id, recorded_date, expense_amount, purpose) VALUES (159,1,'2019/4/4',21400,'社内行事運営費');
INSERT INTO expense_training (expense_id, employee_id, recorded_date, expense_amount, purpose) VALUES (160,1,'2019/4/3',16300,'社内行事運営費');
INSERT INTO expense_training (expense_id, employee_id, recorded_date, expense_amount, purpose) VALUES (161,13,'2019/4/9',2800,'会議費');
INSERT INTO expense_training (expense_id, employee_id, recorded_date, expense_amount, purpose) VALUES (162,6,'2019/4/12',23500,'交通費');
INSERT INTO expense_training (expense_id, employee_id, recorded_date, expense_amount, purpose) VALUES (163,7,'2019/4/14',4200,'通信費');
INSERT INTO expense_training (expense_id, employee_id, recorded_date, expense_amount, purpose) VALUES (164,11,'2019/4/22',13900,'交通費');
INSERT INTO expense_training (expense_id, employee_id, recorded_date, expense_amount, purpose) VALUES (165,13,'2019/4/24',25900,null);
INSERT INTO expense_training (expense_id, employee_id, recorded_date, expense_amount, purpose) VALUES (166,19,'2019/4/23',7300,'会議費');
INSERT INTO expense_training (expense_id, employee_id, recorded_date, expense_amount, purpose) VALUES (167,4,'2019/4/5',23400,'備品購入費');
INSERT INTO expense_training (expense_id, employee_id, recorded_date, expense_amount, purpose) VALUES (168,2,'2019/4/27',1400,'接待費');
INSERT INTO expense_training (expense_id, employee_id, recorded_date, expense_amount, purpose) VALUES (169,8,'2019/4/26',28000,'社内行事運営費');
INSERT INTO expense_training (expense_id, employee_id, recorded_date, expense_amount, purpose) VALUES (170,17,'2019/4/21',1800,'会議費');
INSERT INTO expense_training (expense_id, employee_id, recorded_date, expense_amount, purpose) VALUES (171,17,'2019/4/22',10900,'交通費');
INSERT INTO expense_training (expense_id, employee_id, recorded_date, expense_amount, purpose) VALUES (172,14,'2019/4/16',11300,'交通費');
INSERT INTO expense_training (expense_id, employee_id, recorded_date, expense_amount, purpose) VALUES (173,14,'2019/4/11',2700,'備品購入費');
INSERT INTO expense_training (expense_id, employee_id, recorded_date, expense_amount, purpose) VALUES (174,9,'2019/4/11',10700,'社内行事運営費');
INSERT INTO expense_training (expense_id, employee_id, recorded_date, expense_amount, purpose) VALUES (175,9,'2019/4/10',24500,'備品購入費');
INSERT INTO expense_training (expense_id, employee_id, recorded_date, expense_amount, purpose) VALUES (176,3,'2019/4/16',18400,'交通費');
INSERT INTO expense_training (expense_id, employee_id, recorded_date, expense_amount, purpose) VALUES (177,12,'2019/4/29',23800,'接待費');
INSERT INTO expense_training (expense_id, employee_id, recorded_date, expense_amount, purpose) VALUES (178,13,'2019/4/4',17200,null);
INSERT INTO expense_training (expense_id, employee_id, recorded_date, expense_amount, purpose) VALUES (179,17,'2019/4/5',21400,'交通費');
INSERT INTO expense_training (expense_id, employee_id, recorded_date, expense_amount, purpose) VALUES (180,16,'2019/4/17',1900,'印刷費');
INSERT INTO expense_training (expense_id, employee_id, recorded_date, expense_amount, purpose) VALUES (181,5,'2019/4/28',27700,'印刷費');
INSERT INTO expense_training (expense_id, employee_id, recorded_date, expense_amount, purpose) VALUES (182,9,'2019/4/21',8700,'印刷費');
INSERT INTO expense_training (expense_id, employee_id, recorded_date, expense_amount, purpose) VALUES (183,4,'2019/4/1',20700,'交通費');
INSERT INTO expense_training (expense_id, employee_id, recorded_date, expense_amount, purpose) VALUES (184,11,'2019/4/24',10400,'会議費');
INSERT INTO expense_training (expense_id, employee_id, recorded_date, expense_amount, purpose) VALUES (185,19,'2019/4/18',24200,'会議費');
INSERT INTO expense_training (expense_id, employee_id, recorded_date, expense_amount, purpose) VALUES (186,19,'2019/4/2',23100,'社内行事運営費');
INSERT INTO expense_training (expense_id, employee_id, recorded_date, expense_amount, purpose) VALUES (187,19,'2019/4/18',29600,'社内行事運営費');
INSERT INTO expense_training (expense_id, employee_id, recorded_date, expense_amount, purpose) VALUES (188,17,'2019/4/5',16700,'接待費');
INSERT INTO expense_training (expense_id, employee_id, recorded_date, expense_amount, purpose) VALUES (189,8,'2019/4/1',19300,'印刷費');
INSERT INTO expense_training (expense_id, employee_id, recorded_date, expense_amount, purpose) VALUES (190,2,'2019/4/11',7000,'交通費');
INSERT INTO expense_training (expense_id, employee_id, recorded_date, expense_amount, purpose) VALUES (191,18,'2019/4/4',4700,'会議費');
INSERT INTO expense_training (expense_id, employee_id, recorded_date, expense_amount, purpose) VALUES (192,14,'2019/4/22',28900,'備品購入費');
INSERT INTO expense_training (expense_id, employee_id, recorded_date, expense_amount, purpose) VALUES (193,17,'2019/4/22',20300,'社内行事運営費');
INSERT INTO expense_training (expense_id, employee_id, recorded_date, expense_amount, purpose) VALUES (194,2,'2019/4/3',10900,'印刷費');
INSERT INTO expense_training (expense_id, employee_id, recorded_date, expense_amount, purpose) VALUES (195,4,'2019/4/6',19900,'会議費');
INSERT INTO expense_training (expense_id, employee_id, recorded_date, expense_amount, purpose) VALUES (196,15,'2019/4/3',24200,'接待費');
INSERT INTO expense_training (expense_id, employee_id, recorded_date, expense_amount, purpose) VALUES (197,5,'2019/4/20',18700,'会議費');
INSERT INTO expense_training (expense_id, employee_id, recorded_date, expense_amount, purpose) VALUES (198,3,'2019/4/24',6900,'備品購入費');
INSERT INTO expense_training (expense_id, employee_id, recorded_date, expense_amount, purpose) VALUES (199,18,'2019/4/7',4200,null);
INSERT INTO expense_training (expense_id, employee_id, recorded_date, expense_amount, purpose) VALUES (200,6,'2019/4/15',900,'会議費');

commit;
